{"createdAt": 1497631403, "category": "A Livable and Sustainable City", "displayType": "table", "indexUpdatedAt": 1522879178, "hideFromDataJson": false, "rowClass": "", "newBackend": true, "publicationGroup": 14269080, "tableId": 14269098, "totalTimesRated": 0, "averageRating": 0, "query": {}, "flags": ["default", "restorable", "restorePossibleForType"], "viewType": "tabular", "publicationAppendEnabled": false, "viewCount": 771, "rights": ["read"], "tableAuthor": {"flags": ["mayBeStoriesCoOwner"], "profileImageUrlSmall": "/api/users/hdau-ky3t/profile_images/TINY", "type": "interactive", "displayName": "Nick Snider", "profileImageUrlLarge": "/api/users/hdau-ky3t/profile_images/LARGE", "id": "hdau-ky3t", "screenName": "Nick Snider", "profileImageUrlMedium": "/api/users/hdau-ky3t/profile_images/THUMB"}, "name": "Metro Bike Share Trip Data", "licenseId": "CC0_10", "grants": [{"type": "viewer", "inherited": false, "flags": ["public"]}], "rowsUpdatedBy": "hdau-ky3t", "viewLastModified": 1522879165, "license": {"logoUrl": "images/licenses/ccZero.png", "name": "Creative Commons 1.0 Universal (Public Domain Dedication)", "termsLink": "http://creativecommons.org/publicdomain/zero/1.0/legalcode"}, "numberOfComments": 0, "id": "sii9-rjps", "description": "Bike Share data from LA Metro, pulled from https://bikeshare.metro.net/about/data/", "downloadCount": 712, "approvals": [{"submitter": {"displayName": "ChelseaU", "id": "95pg-i79k"}, "submissionOutcome": "change_audience", "workflowId": 2212, "state": "approved", "submissionDetails": {"permissionType": "READ"}, "submissionId": 882468, "reviewedAutomatically": false, "reviewedAt": 1498685679, "submittedAt": 1498685679, "submissionObject": "public_audience_request", "submissionOutcomeApplication": {"failureCount": 0, "status": "success"}, "reviewer": {"displayName": "ChelseaU", "id": "95pg-i79k"}}], "provenance": "official", "publicationStage": "published", "metadata": {"custom_fields": {"Committed Update Frequency": {"Refresh rate": "Quarterly"}, "Data Owner": {"Department": "Mayor's Office"}, "Location Specified": {"What geographic unit is the data collected?": "Latitude/longitude", "Does this data have a Location column? (Yes or No)": "Yes"}}, "availableDisplayTypes": ["table", "fatrow", "page"], "rdfSubject": "0", "rowLabel": "", "rdfClass": "", "renderTypeConfig": {"visible": {"table": true}}, "rowIdentifier": "0"}, "oid": 26196176, "columns": [{"position": 1, "name": "Trip ID", "fieldName": "trip_id", "format": {}, "cachedContents": {"smallest": "1912818", "largest": "23794218", "non_null": 132427, "top": [{"count": 20, "item": "23652333"}, {"count": 19, "item": "23652331"}, {"count": 18, "item": "23652332"}, {"count": 17, "item": "23656666"}, {"count": 16, "item": "23656665"}, {"count": 15, "item": "23656664"}, {"count": 14, "item": "23652330"}, {"count": 13, "item": "23656662"}, {"count": 12, "item": "23656661"}, {"count": 11, "item": "23656660"}, {"count": 10, "item": "23656659"}, {"count": 9, "item": "23656658"}, {"count": 8, "item": "23656657"}, {"count": 7, "item": "23656656"}, {"count": 6, "item": "23661008"}, {"count": 5, "item": "23656655"}, {"count": 4, "item": "23656654"}, {"count": 3, "item": "23661005"}, {"count": 2, "item": "23656653"}, {"count": 1, "item": "23664842"}], "sum": "1526884959750", "null": 0, "average": "11530012.45780694"}, "renderTypeName": "number", "tableColumnId": 48913906, "dataTypeName": "number", "id": 306883529, "width": 184}, {"position": 2, "name": "Duration", "fieldName": "duration", "format": {}, "cachedContents": {"smallest": "60", "largest": "86400", "non_null": 132427, "top": [{"count": 20, "item": "180"}, {"count": 19, "item": "300"}, {"count": 18, "item": "420"}, {"count": 17, "item": "600"}, {"count": 16, "item": "960"}, {"count": 15, "item": "720"}, {"count": 14, "item": "360"}, {"count": 13, "item": "120"}, {"count": 12, "item": "660"}, {"count": 11, "item": "480"}, {"count": 10, "item": "1320"}, {"count": 9, "item": "1200"}, {"count": 8, "item": "240"}, {"count": 7, "item": "1140"}, {"count": 6, "item": "1020"}, {"count": 5, "item": "540"}, {"count": 4, "item": "840"}, {"count": 3, "item": "900"}, {"count": 2, "item": "1080"}, {"count": 1, "item": "1260"}], "sum": "205963920", "null": 0, "average": "1555.301562370212"}, "renderTypeName": "number", "tableColumnId": 48913907, "dataTypeName": "number", "id": 306883530, "width": 196}, {"position": 3, "name": "Start Time", "fieldName": "start_time", "format": {}, "cachedContents": {"smallest": "2016-07-07T04:17:00", "largest": "2017-03-31T23:45:00", "non_null": 132427, "top": [{"count": 20, "item": "2017-03-31T20:23:00"}, {"count": 19, "item": "2017-03-31T20:26:00"}, {"count": 18, "item": "2017-03-31T20:27:00"}, {"count": 17, "item": "2017-03-31T20:28:00"}, {"count": 16, "item": "2017-03-31T20:51:00"}, {"count": 15, "item": "2017-03-31T21:12:00"}, {"count": 14, "item": "2017-03-31T21:32:00"}, {"count": 13, "item": "2017-03-31T21:40:00"}, {"count": 12, "item": "2017-03-31T22:05:00"}, {"count": 11, "item": "2017-03-31T22:06:00"}, {"count": 10, "item": "2017-03-31T22:17:00"}, {"count": 9, "item": "2017-03-31T22:21:00"}, {"count": 8, "item": "2017-03-31T22:23:00"}, {"count": 7, "item": "2017-03-31T22:26:00"}, {"count": 6, "item": "2017-03-31T22:27:00"}, {"count": 5, "item": "2017-03-31T22:30:00"}, {"count": 4, "item": "2017-03-31T22:47:00"}, {"count": 3, "item": "2017-03-31T22:48:00"}, {"count": 2, "item": "2017-03-31T23:02:00"}, {"count": 1, "item": "2017-03-31T23:15:00"}], "null": 0}, "renderTypeName": "calendar_date", "tableColumnId": 48913908, "dataTypeName": "calendar_date", "id": 306883531, "width": 220}, {"position": 4, "name": "End Time", "fieldName": "end_time", "format": {}, "cachedContents": {"smallest": "2016-07-07T04:20:00", "largest": "2017-04-02T10:32:00", "non_null": 132427, "top": [{"count": 20, "item": "2017-03-31T18:27:00"}, {"count": 19, "item": "2017-03-31T20:21:00"}, {"count": 18, "item": "2017-03-31T20:42:00"}, {"count": 17, "item": "2017-03-31T21:41:00"}, {"count": 16, "item": "2017-03-31T20:53:00"}, {"count": 15, "item": "2017-03-31T21:16:00"}, {"count": 14, "item": "2017-03-31T21:21:00"}, {"count": 13, "item": "2017-03-31T21:57:00"}, {"count": 12, "item": "2017-03-31T22:02:00"}, {"count": 11, "item": "2017-03-31T22:00:00"}, {"count": 10, "item": "2017-03-31T22:27:00"}, {"count": 9, "item": "2017-03-31T23:16:00"}, {"count": 8, "item": "2017-03-31T22:44:00"}, {"count": 7, "item": "2017-04-01T00:15:00"}, {"count": 6, "item": "2017-04-01T18:15:00"}, {"count": 5, "item": "2017-04-01T20:17:00"}, {"count": 4, "item": "2017-03-31T23:24:00"}, {"count": 3, "item": "2017-03-31T23:25:00"}, {"count": 2, "item": "2017-03-31T23:35:00"}, {"count": 1, "item": "2017-03-31T23:42:00"}], "null": 0}, "renderTypeName": "calendar_date", "tableColumnId": 48913909, "dataTypeName": "calendar_date", "id": 306883532, "width": 196}, {"position": 5, "name": "Starting Station ID", "fieldName": "starting_station_id", "format": {}, "cachedContents": {"smallest": "3000", "largest": "4108", "non_null": 132408, "top": [{"count": 20, "item": "3014"}, {"count": 19, "item": "3022"}, {"count": 18, "item": "3031"}, {"count": 17, "item": "3063"}, {"count": 16, "item": "3042"}, {"count": 15, "item": "3006"}, {"count": 14, "item": "3034"}, {"count": 13, "item": "3005"}, {"count": 12, "item": "3030"}, {"count": 11, "item": "3055"}, {"count": 10, "item": "3049"}, {"count": 9, "item": "3067"}, {"count": 8, "item": "3035"}, {"count": 7, "item": "3038"}, {"count": 6, "item": "3069"}, {"count": 5, "item": "3064"}, {"count": 4, "item": "3048"}, {"count": 3, "item": "3082"}, {"count": 2, "item": "3068"}, {"count": 1, "item": "3027"}], "sum": "402920292", "null": 19, "average": "3043.020754032989"}, "renderTypeName": "number", "tableColumnId": 48913910, "dataTypeName": "number", "id": 306883533, "width": 328}, {"position": 6, "name": "Starting Station Latitude", "fieldName": "starting_station_latitude", "format": {}, "cachedContents": {"smallest": "0", "largest": "34.0642815", "non_null": 132379, "top": [{"count": 20, "item": "34.04681"}, {"count": 19, "item": "34.044701"}, {"count": 18, "item": "34.04855"}, {"count": 17, "item": "34.05661"}, {"count": 16, "item": "34.051941"}, {"count": 15, "item": "34.04652"}, {"count": 14, "item": "34.05088"}, {"count": 13, "item": "34.045181"}, {"count": 12, "item": "34.04607"}, {"count": 11, "item": "34.041691"}, {"count": 10, "item": "34.049301"}, {"count": 9, "item": "34.046822"}, {"count": 8, "item": "34.048401"}, {"count": 7, "item": "34.0532"}, {"count": 6, "item": "34.044159"}, {"count": 5, "item": "34.042061"}, {"count": 4, "item": "34.056969"}, {"count": 3, "item": "34.049198"}, {"count": 2, "item": "34.05048"}, {"count": 1, "item": "34.047749"}], "sum": "4506089.6541155", "null": 48, "average": "34.03930875830381"}, "renderTypeName": "number", "tableColumnId": 48913911, "dataTypeName": "number", "id": 306883534, "width": 400}, {"position": 7, "name": "Starting Station Longitude", "fieldName": "starting_station_longitude", "format": {}, "cachedContents": {"smallest": "-118.472832", "largest": "0", "non_null": 132379, "top": [{"count": 20, "item": "-118.24353"}, {"count": 19, "item": "-118.256981"}, {"count": 18, "item": "-118.252441"}, {"count": 17, "item": "-118.259048"}, {"count": 16, "item": "-118.237213"}, {"count": 15, "item": "-118.237411"}, {"count": 14, "item": "-118.248253"}, {"count": 13, "item": "-118.238808"}, {"count": 12, "item": "-118.250237"}, {"count": 11, "item": "-118.251579"}, {"count": 10, "item": "-118.233093"}, {"count": 9, "item": "-118.260948"}, {"count": 8, "item": "-118.235352"}, {"count": 7, "item": "-118.248352"}, {"count": 6, "item": "-118.250954"}, {"count": 5, "item": "-118.263382"}, {"count": 4, "item": "-118.253593"}, {"count": 3, "item": "-118.252831"}, {"count": 2, "item": "-118.254593"}, {"count": 1, "item": "-118.243172"}], "sum": "-15650048.457920", "null": 48, "average": "-118.2215340644664"}, "renderTypeName": "number", "tableColumnId": 48913912, "dataTypeName": "number", "id": 306883535, "width": 412}, {"position": 8, "name": "Ending Station ID", "fieldName": "ending_station_id", "format": {}, "cachedContents": {"smallest": "3000", "largest": "4108", "non_null": 132331, "top": [{"count": 20, "item": "3014"}, {"count": 19, "item": "3005"}, {"count": 18, "item": "3031"}, {"count": 17, "item": "3030"}, {"count": 16, "item": "3063"}, {"count": 15, "item": "3006"}, {"count": 14, "item": "3042"}, {"count": 13, "item": "3035"}, {"count": 12, "item": "3022"}, {"count": 11, "item": "3038"}, {"count": 10, "item": "3067"}, {"count": 9, "item": "3034"}, {"count": 8, "item": "3069"}, {"count": 7, "item": "3032"}, {"count": 6, "item": "3064"}, {"count": 5, "item": "3048"}, {"count": 4, "item": "3023"}, {"count": 3, "item": "3082"}, {"count": 2, "item": "3049"}, {"count": 1, "item": "3062"}], "sum": "402602077", "null": 96, "average": "3042.386719665082"}, "renderTypeName": "number", "tableColumnId": 48913913, "dataTypeName": "number", "id": 306883536, "width": 304}, {"position": 9, "name": "Ending Station Latitude", "fieldName": "ending_station_latitude", "format": {}, "cachedContents": {"smallest": "0", "largest": "34.0642815", "non_null": 131376, "top": [{"count": 20, "item": "34.04652"}, {"count": 19, "item": "34.044701"}, {"count": 18, "item": "34.04855"}, {"count": 17, "item": "34.04681"}, {"count": 16, "item": "34.05661"}, {"count": 15, "item": "34.049301"}, {"count": 14, "item": "34.04607"}, {"count": 13, "item": "34.05088"}, {"count": 12, "item": "34.051941"}, {"count": 11, "item": "34.048401"}, {"count": 10, "item": "34.046822"}, {"count": 9, "item": "34.042061"}, {"count": 8, "item": "34.049198"}, {"count": 7, "item": "34.045181"}, {"count": 6, "item": "34.049889"}, {"count": 5, "item": "34.041691"}, {"count": 4, "item": "34.050911"}, {"count": 3, "item": "34.047749"}, {"count": 2, "item": "34.056969"}, {"count": 1, "item": "34.04211"}], "sum": "4471331.4826317", "null": 1051, "average": "34.03461425703096"}, "renderTypeName": "number", "tableColumnId": 48913914, "dataTypeName": "number", "id": 306883537, "width": 376}, {"position": 10, "name": "Ending Station Longitude", "fieldName": "ending_station_longitude", "format": {}, "cachedContents": {"smallest": "-118.472832", "largest": "0", "non_null": 131376, "top": [{"count": 20, "item": "-118.24353"}, {"count": 19, "item": "-118.237411"}, {"count": 18, "item": "-118.259048"}, {"count": 17, "item": "-118.252441"}, {"count": 16, "item": "-118.237213"}, {"count": 15, "item": "-118.256981"}, {"count": 14, "item": "-118.238808"}, {"count": 13, "item": "-118.233093"}, {"count": 12, "item": "-118.248253"}, {"count": 11, "item": "-118.250237"}, {"count": 10, "item": "-118.260948"}, {"count": 9, "item": "-118.252831"}, {"count": 8, "item": "-118.248352"}, {"count": 7, "item": "-118.263382"}, {"count": 6, "item": "-118.256668"}, {"count": 5, "item": "-118.255882"}, {"count": 4, "item": "-118.235352"}, {"count": 3, "item": "-118.240967"}, {"count": 2, "item": "-118.243172"}, {"count": 1, "item": "-118.253593"}], "sum": "-15529515.743421", "null": 1051, "average": "-118.2066415739633"}, "renderTypeName": "number", "tableColumnId": 48913915, "dataTypeName": "number", "id": 306883538, "width": 388}, {"position": 11, "name": "Bike ID", "fieldName": "bike_id", "format": {}, "cachedContents": {"smallest": "1349", "largest": "6728", "non_null": 132417, "top": [{"count": 20, "item": "5863"}, {"count": 19, "item": "6007"}, {"count": 18, "item": "5859"}, {"count": 17, "item": "5771"}, {"count": 16, "item": "5979"}, {"count": 15, "item": "6053"}, {"count": 14, "item": "6641"}, {"count": 13, "item": "6238"}, {"count": 12, "item": "6326"}, {"count": 11, "item": "6072"}, {"count": 10, "item": "5997"}, {"count": 9, "item": "6146"}, {"count": 8, "item": "5850"}, {"count": 7, "item": "6579"}, {"count": 6, "item": "5767"}, {"count": 5, "item": "6100"}, {"count": 4, "item": "6247"}, {"count": 3, "item": "6311"}, {"count": 2, "item": "6049"}, {"count": 1, "item": "6441"}], "sum": "820140431", "null": 10, "average": "6193.618878240709"}, "renderTypeName": "number", "tableColumnId": 48913916, "dataTypeName": "number", "id": 306883539, "width": 184}, {"position": 12, "name": "Plan Duration", "fieldName": "plan_duration", "format": {}, "cachedContents": {"smallest": "0", "largest": "365", "non_null": 131661, "top": [{"count": 20, "item": "30"}, {"count": 19, "item": "365"}, {"count": 18, "item": "0"}], "sum": "5901305", "null": 766, "average": "44.82196702136548"}, "renderTypeName": "number", "tableColumnId": 48913917, "dataTypeName": "number", "id": 306883540, "width": 256}, {"position": 13, "name": "Trip Route Category", "fieldName": "trip_route_category", "format": {}, "cachedContents": {"smallest": "One Way", "largest": "Round Trip", "non_null": 132427, "top": [{"count": 20, "item": "Round Trip"}, {"count": 19, "item": "One Way"}], "null": 0}, "renderTypeName": "text", "tableColumnId": 48913918, "dataTypeName": "text", "id": 306883541, "width": 328}, {"position": 14, "name": "Passholder Type", "fieldName": "passholder_type", "format": {}, "cachedContents": {"smallest": "Flex Pass", "largest": "Walk-up", "non_null": 132427, "top": [{"count": 20, "item": "Monthly Pass"}, {"count": 19, "item": "Flex Pass"}, {"count": 18, "item": "Walk-up"}, {"count": 17, "item": "Staff Annual"}], "null": 0}, "renderTypeName": "text", "tableColumnId": 48913919, "dataTypeName": "text", "id": 306883542, "width": 280}, {"position": 15, "name": "Starting Lat-Long", "fieldName": "starting_lat_long", "format": {}, "renderTypeName": "location", "tableColumnId": 48913920, "dataTypeName": "location", "id": 306883543, "width": 304}, {"position": 20, "name": "Ending Lat-Long", "fieldName": "ending_lat_long", "format": {}, "renderTypeName": "location", "tableColumnId": 48913921, "dataTypeName": "location", "id": 306883544, "width": 280}, {"position": 25, "name": "Neighborhood Councils (Certified)", "computationStrategy": {"type": "georegion_match_on_point", "parameters": {"region": "_2dna-qi2s", "primary_key": "_feature_id"}, "source_columns": ["starting_lat_long"]}, "fieldName": ":@computed_region_2dna_qi2s", "format": {}, "renderTypeName": "number", "tableColumnId": 49095124, "dataTypeName": "number", "id": 307311883}, {"position": 26, "name": "Council Districts", "computationStrategy": {"type": "georegion_match_on_point", "parameters": {"region": "_kqwf-mjcx", "primary_key": "_feature_id"}, "source_columns": ["starting_lat_long"]}, "fieldName": ":@computed_region_kqwf_mjcx", "format": {}, "renderTypeName": "number", "tableColumnId": 49095243, "dataTypeName": "number", "id": 307311885}, {"position": 27, "name": "Zip Codes", "computationStrategy": {"type": "georegion_match_on_point", "parameters": {"region": "_qz3q-ghft", "primary_key": "_feature_id"}, "source_columns": ["starting_lat_long"]}, "fieldName": ":@computed_region_qz3q_ghft", "format": {}, "renderTypeName": "number", "tableColumnId": 49095751, "dataTypeName": "number", "id": 307311886}, {"position": 28, "name": "LA Specific Plans", "fieldName": ":@computed_region_ur2y_g4cx", "format": {}, "renderTypeName": "number", "tableColumnId": 49096068, "dataTypeName": "number", "id": 307311887}, {"position": 29, "name": "Precinct Boundaries", "fieldName": ":@computed_region_tatf_ua23", "format": {}, "renderTypeName": "number", "tableColumnId": 49096248, "dataTypeName": "number", "id": 307311888}, {"position": 30, "name": "Census Tracts", "fieldName": ":@computed_region_k96s_3jcv", "format": {}, "renderTypeName": "number", "tableColumnId": 49096539, "dataTypeName": "number", "id": 307312089}], "rowsUpdatedAt": 1497631971, "tags": ["transportation", "bikes"], "hideFromCatalog": false, "publicationDate": 1497632003, "owner": {"flags": ["mayBeStoriesCoOwner"], "profileImageUrlSmall": "/api/users/hdau-ky3t/profile_images/TINY", "type": "interactive", "displayName": "Nick Snider", "profileImageUrlLarge": "/api/users/hdau-ky3t/profile_images/LARGE", "id": "hdau-ky3t", "screenName": "Nick Snider", "profileImageUrlMedium": "/api/users/hdau-ky3t/profile_images/THUMB"}}